,Job_Title,Company_Name,Location,Compensation,Job_ID,Job_Description,Python,R ,Matlab,Excel,SAS,SQL,SPSS,Hadoop,Spark
0,Hands-On-Manager---Director-of-Data-Science,Robert Half Technology,NJ - Hoboken,$100k - $150k/year,02710-9502212681,"Ref ID: 02710-9502212681Classification: Hands-On Manager / Director of Data ScienceCompensation: $100000.00 to $150000.00 yearlyThe Manager/Director, Data Science will be responsible for helping develop the companies data science strategy, building decision systems with machine learning and surfacing company-wide actionable insights to drive business growth. This position is ideal for someone who enjoys elevating the way decision are made and data is used at a fast-paced, consumer-facing company. A successful candidate will enjoy researching and developing statistical learning models, collaborating with various stakeholders to understand company needs / devise solutions and helping implement data driven strategies that impact business profitability. This is a multifaceted opportunity allowing the Manager to deliver unique value propositions to the companies base of clients. Duties/Responsibilities: •Help define, lead and own data science strategy, including tools and team •Apply artificial intelligence and machine learning techniques to solve complex problems, including customer segmentation, product propensity, operational performance and fraud •Research and develop statistical frameworks to optimize product performance through A/B testing and variance analysis •Lead analysis for strategic data initiatives and present findings and recommendations to executive leadership •Oversee implementation of data insights into the business and ensure analytic integrity •Partner with departments to resolve their data and analytical needs •Manage scheduled and ad-hoc analytics/data project        ",,,,,,,,,
1,Senior-Data-Scientist,Robert Half Technology,TX - Fort Worth,N/A,04030-0011057821,"Ref ID: 04030-0011057821Classification: Data ScientistCompensation: DOERobert Half Technology is looking for a Senior Data Scientist. This Senior Data Scientist is a direct hire, FTE (Full Time Employment) position with one of our client companies in the DFW area. For immediate and confidential consideration on this Permanent / Direct hire IT opportunity, please e-mail your resume confidentially to [Click Here to Email Your Resumé] (profile also on LinkedIn.) Summary-Are you motivated to contribute to the digital transformation of a successful company? This is a unique opportunity to be at the forefront of using decision sciences and implement your solutions in production and have an impact on the business. As a deep domain expert, you will work on great projects and develop applications that will contribute to the value our client delivers to its customers. You should hold an MS or a PHD with a major in operations research, applied statistics, computer science or machine learning.The Senior Data Scientist will design, develop and implement valuable business solutions for the organization by preparing and cleaning data, designing and coding decision support systems and measuring performance of the recommended decisions. These applications will identify business trends and opportunities using advanced decision science. The candidate will interpret data from multiple sources using a variety of statistical and complex data mining techniques in order to provide guidance to the business and contribute to the value our client delivers to its customers.Primary Responsibilities- -Design and develop decision support systems from the ground up that will improve business effectiveness and performance.-Analyze and interpret results from multiple sources using a variety of techniques, ranging from simple data clustering to more advanced classification problem using supervised learning techniques with cross validation.-Prepare big data, implements data models and develops database to support the business solutions.-Coordinate and communicating effectively across diverse functional teams (business leaders and technical teams) the applied logic as well as the data and the information used.-Prepare high-level and detail-level project plans and ensure that each project objective is being completed within the agreed upon deadlines.        ",,,,,,,,,
2,Senior-Data-Engineer,Robert Half Technology,TX - Austin,$115k - $130k/year,04160-0010956620,"Ref ID: 04160-0010956620Classification: Big Data EngineerCompensation: $115000.00 to $130000.00 yearlyPlease contact [Click Here to Email Your Resumé]You will be responsible for building our data management strategy. You will work closely with software architects and data scientists, support data security efforts, push artificial intelligence models into production, and generate ETL pipelines. You will focus on building scalable and flexible infrastructure to support our evolving business requirements. You should be passionate about technology, collaborating with technical partners, and hyper-focused on delivering extraordinary results. If this sounds like you, we would love to meet you.Responsibilities•Building and maintaining critical ETL pipelines•Architecting and implementing secure data storage strategies for use by the Data Science and Software Engineering teams•Creating API endpoints for easy and secure data retrieval by relevant partners•Constructing infrastructure to incorporate third-party data sources into our machine learning models•Designing and executing strategies for real-time data analysis and decision-making•Conducting design reviews and code reviews•Collaborating with internal and external partners        ",,,,,,,,,
3,Sr--Data-Engineer,Robert Half Technology,FL - Riverview,$100k - $120k/year,01070-9502210262,"Ref ID: 01070-9502210262Classification: Sr. Data EngineerCompensation: $100000.00 to $120000.00 yearlyRobert Half is looking for Data Engineers for our client in Riverview, FL. This role is responsible for developing relational database and related reporting solutions that support information systems by studying operations; designing, developing, and deploying solutions; supports and guides data modeling and data access strategies for the software development team.• Designing and coding database tables to store application data• Enforce referential integrity and business constraints• Working with application developers to create optimized stored procedures• Identify and create indexes to improve database performance• Tune existing T-SQL queries/stored procedures to improve performanceEnsure that new database code meets company standards for readability, reliability, naming conventions, and performanceNeeds to have experience working with Cubes Data Modeling, SSIS, SSRS, Tableau, Symantec Layer, SQL, Stored procedures, Vues, and BI stacks        ",,,,,,,,,
4,Data-Integration-Delivery-Manager,"TEKsystems, Inc",MD - Baltimore,N/A,NA,"TEKsystems Global Services® is part of TEKsystems, the leading IT services and staffing company in North America. TEKsystems Global Services provides a continuum of services ranging from engagement management to full outsourcing for applications, infrastructure and learning solutions. As a services provider, we leverage our talent management strengths to extend the business value of our client partnerships and deliver measurable business and IT outcomes.  TEKsystems Global Services is a fast-paced, growing organization with a dynamic and diverse work environment. Our strong culture is embodied by our core values- relationships, commitment, serving others and open communication. Our values guide our hiring decisions and shape how we make a meaningful impact in the IT market. Data Integration Delivery Manager (Customer Success Leader) The Customer Success Leader position is a role in which the individual is responsible for managing one or more technical projects/project teams at a time. The primary purpose of the Customer Success Leader role is to provide TEKsystems' customers with a reliable, quality service, focused on the customer's needs and grounded in industry best practices. The Customer Success Leader will manage customer expectations on the delivery of the engagement, serve as the interface between the customer and TEKsystems' staff and drive future business through quality results.This is an FTE/Perm role.  Account Management / Project Management ResponsibilitiesThis is a data and reporting integration project that involves TIBCO and Mulesoft.Manage risk, project scope, and deliver according to the terms and conditions of our contracts.Manage expectations and gain a clear understanding of customers' business requirements and technical requirements.Drive technical conversations in areas of Practice expertise (Reporting, BI, ETL, Cloud, Big Data, …).Coordinate project discussions with technical team in order to optimize outcomes and be the voice of the team with the customer.Understand existing and emerging technologies in order to identify opportunities and gauge the readiness of the customer's enterprise environment.Ensuring effective and consistent communication within the team, with peers, the leadership team and the peers throughout the Global Services organization.Provide high level estimates for technical tasks for both time and feasibility.Identify risks tied to leveraging certain technologies, patterns or tools.Maintain project status and support budget management activities.Follow and drive the Software Development Lifecycle (SDLC).Define and implement a Communication Plan that meets project and customer expectations.Ensure project methodology is followed by the entire team from project kickoff to project closeout.Ensures financial and contractual engagement profitability.Proactively develop and maintain relationships with project sponsors and stakeholders.Support the development and execution of an Account Strategy in collaboration with internal stakeholders.Maintain an awareness of customer satisfaction through communication with customer and assist Global Services in delivering formal customer satisfaction survey.Maintain awareness for additional business opportunities and support pursuit of future business through quality results and escalation to internal stakeholders when additional business opportunities may present themselves.Work with Delivery Management to improve and implement changes to project delivery processes, methodology, and back office procedures.Effectively manage resources to ensure that operational costs are in line with revenue and profitability while maintaining coverage for upcoming projects. Project Reporting and Process Improvement ResponsibilitiesCollect metrics, create reports on KPIs and ensure project status is updated on a weekly basis, following internal standards.Develop and maintain project related documentation including processes, tools and procedures in accordance with the Global Services PMLC.Ensure escalation procedures are documented and communicated to customer, consultants, and managers.Ensure knowledge transfer from solution team to delivery team.Identify and coordinate the change control process, identifying areas of efficiencies and consistencies among engagementsTrack, manage and report on deliverable attainment and/or SLA (Service Level Agreement) performance. Required Education and/or ExperienceA. or B.S. in Computer Science (other majors acceptable with requisite experience)A minimum of 5 years of experience in information technology and professional services.3+ years of Business Intelligence, ETL or Big Data experience.3+ years of application development experience.Proficient in either Jira or TFS, or similar technology.Excellent experience with MS Office (Excel, Word, PowerPoint).Breadth of knowledge in different Data technologies like Oracle, Microsoft, Informatica, TIBCO, MuleSoft, Tableau and AWS.Agile project management experience is a plus.About TEKsystems:We're partners in transformation. We help clients activate ideas and solutions to take advantage of a new world of opportunity. We are a team of 80,000 strong, working with over 6,000 clients, including 80% of the Fortune 500, across North America, Europe and Asia. As an industry leader in Full-Stack Technology Services, Talent Services, and real-world application, we work with progressive leaders to drive change. That's the power of true partnership. TEKsystems is an Allegis Group company.The company is an equal opportunity employer and will consider all applications without regards to race, sex, age, color, religion, national origin, veteran status, disability, sexual orientation, gender identity, genetic information or any characteristic protected by law.If you would like to request a reasonable accommodation, such as the modification or adjustment of the job application process or interviewing process due to a disability, please call 888 472-3411 or email accommodation@teksystems .com for other accommodation options.",,,,,,,,,
5,Data-Integration-Delivery-Manager,"TEKsystems, Inc",MD - Frederick,N/A,NA,"TEKsystems Global Services® is part of TEKsystems, the leading IT services and staffing company in North America. TEKsystems Global Services provides a continuum of services ranging from engagement management to full outsourcing for applications, infrastructure and learning solutions. As a services provider, we leverage our talent management strengths to extend the business value of our client partnerships and deliver measurable business and IT outcomes.  TEKsystems Global Services is a fast-paced, growing organization with a dynamic and diverse work environment. Our strong culture is embodied by our core values- relationships, commitment, serving others and open communication. Our values guide our hiring decisions and shape how we make a meaningful impact in the IT market. Data Integration Delivery Manager (Customer Success Leader) The Customer Success Leader position is a role in which the individual is responsible for managing one or more technical projects/project teams at a time. The primary purpose of the Customer Success Leader role is to provide TEKsystems' customers with a reliable, quality service, focused on the customer's needs and grounded in industry best practices. The Customer Success Leader will manage customer expectations on the delivery of the engagement, serve as the interface between the customer and TEKsystems' staff and drive future business through quality results.This is an FTE/Perm role.  Account Management / Project Management ResponsibilitiesThis is a data and reporting integration project that involves TIBCO and Mulesoft.Manage risk, project scope, and deliver according to the terms and conditions of our contracts.Manage expectations and gain a clear understanding of customers' business requirements and technical requirements.Drive technical conversations in areas of Practice expertise (Reporting, BI, ETL, Cloud, Big Data, …).Coordinate project discussions with technical team in order to optimize outcomes and be the voice of the team with the customer.Understand existing and emerging technologies in order to identify opportunities and gauge the readiness of the customer's enterprise environment.Ensuring effective and consistent communication within the team, with peers, the leadership team and the peers throughout the Global Services organization.Provide high level estimates for technical tasks for both time and feasibility.Identify risks tied to leveraging certain technologies, patterns or tools.Maintain project status and support budget management activities.Follow and drive the Software Development Lifecycle (SDLC).Define and implement a Communication Plan that meets project and customer expectations.Ensure project methodology is followed by the entire team from project kickoff to project closeout.Ensures financial and contractual engagement profitability.Proactively develop and maintain relationships with project sponsors and stakeholders.Support the development and execution of an Account Strategy in collaboration with internal stakeholders.Maintain an awareness of customer satisfaction through communication with customer and assist Global Services in delivering formal customer satisfaction survey.Maintain awareness for additional business opportunities and support pursuit of future business through quality results and escalation to internal stakeholders when additional business opportunities may present themselves.Work with Delivery Management to improve and implement changes to project delivery processes, methodology, and back office procedures.Effectively manage resources to ensure that operational costs are in line with revenue and profitability while maintaining coverage for upcoming projects. Project Reporting and Process Improvement ResponsibilitiesCollect metrics, create reports on KPIs and ensure project status is updated on a weekly basis, following internal standards.Develop and maintain project related documentation including processes, tools and procedures in accordance with the Global Services PMLC.Ensure escalation procedures are documented and communicated to customer, consultants, and managers.Ensure knowledge transfer from solution team to delivery team.Identify and coordinate the change control process, identifying areas of efficiencies and consistencies among engagementsTrack, manage and report on deliverable attainment and/or SLA (Service Level Agreement) performance. Required Education and/or ExperienceA. or B.S. in Computer Science (other majors acceptable with requisite experience)A minimum of 5 years of experience in information technology and professional services.3+ years of Business Intelligence, ETL or Big Data experience.3+ years of application development experience.Proficient in either Jira or TFS, or similar technology.Excellent experience with MS Office (Excel, Word, PowerPoint).Breadth of knowledge in different Data technologies like Oracle, Microsoft, Informatica, TIBCO, MuleSoft, Tableau and AWS.Agile project management experience is a plus. About TEKsystems:We're partners in transformation. We help clients activate ideas and solutions to take advantage of a new world of opportunity. We are a team of 80,000 strong, working with over 6,000 clients, including 80% of the Fortune 500, across North America, Europe and Asia. As an industry leader in Full-Stack Technology Services, Talent Services, and real-world application, we work with progressive leaders to drive change. That's the power of true partnership. TEKsystems is an Allegis Group company.The company is an equal opportunity employer and will consider all applications without regards to race, sex, age, color, religion, national origin, veteran status, disability, sexual orientation, gender identity, genetic information or any characteristic protected by law.If you would like to request a reasonable accommodation, such as the modification or adjustment of the job application process or interviewing process due to a disability, please call 888 472-3411 or email accommodation@teksystems .com for other accommodation options.",,,,,,,,,
6,CyberSecurity-Mergers---Acquisitions-Program-Manager,"TEKsystems, Inc",OH - Sharonville,N/A,NA,"Our client is looking for a Program leader for Mergers, Acquisition, and Divestitures to join an innovative and exciting cybersecurity team tasked to facilitate the M&A lifecycle. You will deliver subject matter expertise and will research, identify, develop, coordinate, and execute transition service agreements to facilitate the integration or de-integration for sites or product lines. General Responsibilities: * Collaborate with business and shared services to define services to be provided in TSA* Support due diligence and confirmatory diligence* Manage and execute TSA services * Explore and leverage best practices from other GE organizations and industry leaders* Drive TSA development/agreement (if required)* Create detailed integration budget* Develop DT operating model* Implement targeted DT services and operating model* Work to ensure data quality through project identification, planning, diligence and closure* Identify, collect and inventory all IT related contracts/systems* Coordinate system separation and align with IT separation planning and execution activities* Apply standard diligence and investigation practices * Support compliance and security requirements* Ensure appropriate data protections and retention policies are in place* Provide direction and expertise for data security and data loss prevention objectives* Support development and refinement of policies and incident management processes* Build rapport and trust with business teams to identify and drive solutions to business data security challenges.* Communicate and present to executive leadership on project status, risks, and issues.Basic Qualifications:  * Familiarity with finance and accounting practices* Familiarity with DT process of Acquisitions, Divestitures and Joint Ventures* Strong team player who collaborates well with others to solve problems and actively incorporates input from various sources* Experience in architectural design and understanding complex interfacing systems* Solid experience delivering large and/or complex IT projects to a large enterprise customer* Excellent command of Cybersecurity organization practices, operations risk management processes, principles, architectural requirements, engineering threats and vulnerabilities, including incident response methodologies* Excellent written and verbal communication skills, especially with product owners Required Qualifications:* Bachelor's Degree in Computer Science or in 'STEM' Majors (Science, Technology, Engineering and Math) or equivalent* Minimum of 8 years of professional IT experience* Ability to sign and adhere to strict confidentiality agreements * Legal authorization to work in the U.S. is required. We will not sponsor individuals for employment visas, now or in the future, for this job.About TEKsystems:We're partners in transformation. We help clients activate ideas and solutions to take advantage of a new world of opportunity. We are a team of 80,000 strong, working with over 6,000 clients, including 80% of the Fortune 500, across North America, Europe and Asia. As an industry leader in Full-Stack Technology Services, Talent Services, and real-world application, we work with progressive leaders to drive change. That's the power of true partnership. TEKsystems is an Allegis Group company.The company is an equal opportunity employer and will consider all applications without regards to race, sex, age, color, religion, national origin, veteran status, disability, sexual orientation, gender identity, genetic information or any characteristic protected by law.If you would like to request a reasonable accommodation, such as the modification or adjustment of the job application process or interviewing process due to a disability, please call 888 472-3411 or email accommodation@teksystems .com for other accommodation options.",,,,,,,,,
7,Principal-and-Senior-SAP-Configurator---HCM,"TEKsystems, Inc",FL - Fort Lauderdale,"$33,308 - $34,308/year",NA,"2 Openings:1. Principal SAP Configurator2. Senior SAP ConfiguratorTop 3:SAPU.S. Payroll/experience with multiple implementationsGathering requirements. Must have good communication.Creating schema and rules/customizing by adding new rulesProviding support and customer service. Customers are very mature on SAP so will have to be fluent in SAP speakPreferred: Working with union population, they work with about 48-Team is working on implementation of SuccessFactor. Go live is Aug. 2020-The two leads have been at company for 9 and 20 years. Rare opportunity to join the team.-Day to day will involve handing incidents and enhancements mostly along with providing support and assisting with production failure. There is no one to escalate any issues to. These positions will be providing resolutions. -Principal role also acts as project manager and 50% people management in addition to being hands on 100%. Will be go to person for all things SAP-Senior role needs to work well as a team and provide guidance and at times may need guidance from the Principal. The Sr. SAP Configurator applies system solutions to business problems through the design and programming of automated systems. Configures, analyzes, designs, develops and maintains ERP program codes and applications to support business processes and functions. Works on elements of large, complex installations. Performs all elements of programming assignments and assists with systems design. Fully knowledgeable of the SAP programming language. Applies knowledge and experience with technology and application development methodologies to perform basic systems analysis techniques, testing, debugging, file design and storage.Performs functional analysis, requirements, definition and ERP module configuration and testing. Responsible for conducting prototypes, developing functional specifications, data mapping, function mapping, setting of configuration tables and setting of transaction/control tables. Has a thorough understanding of the business processes and flows to enable the analysis of business requirements and the development of solutions for the business functions. Responsible for the identification and resolution of gaps in the business processes. Involved in security/authorization set-up, user documentation, data interface design, data migration and reconciliation. May be involved in the installation and tuning of modifications, as well as archiving data.Provides support for the user community and development team in the design, development, configuration and testing of SAP modules. Works on multiple functional tasks that tend to be of medium technological complexity. Identifies and recommends functional and technical solutions. Works on one or more projects as a team member. Acts as a subject matter expert for one SAP functional area.The responsibilities for this role are:*Determine opportunities to redesign or automate business processes and functions to achieve better business results*Serve as a liaison between Business Unit(s) and IT for enhancements and projects*Create functional specification and other important documents*Support the creation of test plans, and performs testing duties as needed*Support the user community and the development team in the design, development, configuration and testing of SAP modules*Communicate systems and procedural changes to end users through excellent written and oral communications*Act as a subject matter expert for one SAP module*Serve as an expert to support the education and training of end users*Work to increase end user proficiency and adoption of implemented solutions*Understand, communicate and reinforce standard business process concepts and methodology within the IT organization*Establish and maintain relationships with key Business Unit personnel*May coach more junior technical staffQualificationsREQUIRED SKILLS*Strong understanding of one or more Business Units and their business processes*Strong understanding of IT processes and ability to translate and communicate technical concepts into business language*Excellent written and verbal communication skills*Strong team player with willingness to collaborate*Strong analytical and problem solving skills*Strong capability to execute tasks in a timely and efficient manner*Ability to document and translate business process requirements to provide technology solutions*Ability to establish and maintain strong relationships at appropriate levels within assigned Business Units*Strong critical thinking and problem solving skills*Ability to use MS Project to track and update project plans as needed*Experience with and knowledge of SAP and other ERP systems*Subject matter expertise in one SAP functional area*Capability to understand SGWS's application portfolio as well as how the different systems contribute to daily business operationsEDUCATION*Bachelor's or Technical Degree Required (computer science, information systems, business administration or other industry related curriculum)*Graduate degree Preferred (MBA, MS or equivalent curriculum)*Note: Sufficient and relevant work experience may be considered in lieu of the educational requirementsEXPERIENCE*3 or more years of work experience in IT working with SAP systemsAbout TEKsystems:We're partners in transformation. We help clients activate ideas and solutions to take advantage of a new world of opportunity. We are a team of 80,000 strong, working with over 6,000 clients, including 80% of the Fortune 500, across North America, Europe and Asia. As an industry leader in Full-Stack Technology Services, Talent Services, and real-world application, we work with progressive leaders to drive change. That's the power of true partnership. TEKsystems is an Allegis Group company.The company is an equal opportunity employer and will consider all applications without regards to race, sex, age, color, religion, national origin, veteran status, disability, sexual orientation, gender identity, genetic information or any characteristic protected by law.If you would like to request a reasonable accommodation, such as the modification or adjustment of the job application process or interviewing process due to a disability, please call 888 472-3411 or email accommodation@teksystems .com for other accommodation options.",,,,,,,,,
8,Clinical-Data-Manager,Aerotek,VA - Leesburg,N/A,NA,"Our client is a medical device company that is seeking a Clinical Data Manager to assist in the collection, review, and normalization of data as it pertains to EU MDR clinical activities.Responsibilities include but are not limited to:Consolidation and collection of clinical data from multiple sources such as: Clinical Studies, preclinical testing, PMCF activity results, published literature and Sales/Complaints data.Aids the data manager in normalizing data to a standard reporting language.Assists with the design/implementation of an internal databaseCreation of EU MDR clinical report drafts (including but not limited to: PMCF, SSCP, CER clinical data analysis updates).Provides CA required data summaries to other departments for reports not owned by Clinical Affairs.Creates interim study reports as needed.Assists data manager as needed.Requirements:Bachelor's Degree required; preferably in health science or related field2+ years of data collection, analysis and reporting experienceClinical data management experience and GCP knowledge preferred About Aerotek:We know that a company's success starts with its employees. We also know that an individual's success starts with the right career opportunity. As a Best of Staffing® Client and Talent leader, Aerotek's people-focused approach yields competitive advantage for our clients and rewarding careers for our contract employees. Since 1983, Aerotek has grown to become a leader in recruiting and staffing services. With more than 250 non-franchised offices, Aerotek's 8,000 internal employees serve more than 300,000 contract employees and 18,000 clients every year. Aerotek is an Allegis Group company, the global leader in talent solutions. Learn more at Aerotek.com.The company is an equal opportunity employer and will consider all applications without regards to race, sex, age, color, religion, national origin, veteran status, disability, sexual orientation, gender identity, genetic information or any characteristic protected by law.If you would like to request a reasonable accommodation, such as the modification or adjustment of the job application process or interviewing process due to a disability, please call 888-237-6835 or email accommodation@aerotek .com for other accommodation options. However, if you have questions about this position, please contact the Recruiter located at the bottom of the job posting. The Recruiter is the sole point of contact for questions about this position.",,,,,,,,,
9,Clinical-Data-Manager,Aerotek,CT - New Haven,N/A,NA,"Senior Clinical Data ManagerResponsible for independently executing and overseeing data management processes of new clinical trials during start-up phase and managing the data during the study maintenance through close-out phase in line with Company SOPs and best practices, reporting and escalating to management staff as appropriate.Must haves:Bachelor's degree in a scientific or a technical discipline (psychology, nursing, biology, sociology, computer science or engineering) preferably with data, software or other technical disciplineMinimum 5 years related work experience with a minimum of 3 years clinical trial experienceExtensive EDC experiencePrior supervisory experience desiredWhy work for them?Great workplace culture - fun and fast paced setting!Stability - company growth 80% year after yearAbout Aerotek: We know that a company's success starts with its employees. We also know that an individual's success starts with the right career opportunity. As a Best of Staffing® Client and Talent leader, Aerotek's people-focused approach yields competitive advantage for our clients and rewarding careers for our contract employees. Since 1983, Aerotek has grown to become a leader in recruiting and staffing services. With more than 250 non-franchised offices, Aerotek's 8,000 internal employees serve more than 300,000 contract employees and 18,000 clients every year. Aerotek is an Allegis Group company, the global leader in talent solutions. Learn more at Aerotek.com.The company is an equal opportunity employer and will consider all applications without regards to race, sex, age, color, religion, national origin, veteran status, disability, sexual orientation, gender identity, genetic information or any characteristic protected by law.If you would like to request a reasonable accommodation, such as the modification or adjustment of the job application process or interviewing process due to a disability, please call 888-237-6835 or email accommodation@aerotek .com for other accommodation options. However, if you have questions about this position, please contact the Recruiter located at the bottom of the job posting. The Recruiter is the sole point of contact for questions about this position.",,,,,,,,,
10,Senior-Plastics-Engineer,Aerotek,CA - Long Beach,N/A,NA,"Essential Job Functions Apply knowledge of plastics and material science for the development of low and high volume plastic parts from resin to finished productDetermine feasibility of product designs, considering costs, time limitations, planning and other technical and economic factorsUse engineering judgment to determine and then to analyze competing product design approaches in materials and construction, some of which may involve noveltyReview tool design for low and high volume plastic parts to achieve quality productsReview and provide feedback on this new injection molding technology geared to improve quality and reduce the cost of tissue processing cassettes.Analyze and/or generate test data and reports to determine if designs meet functional and performance specificationsReview performance of suppliers of thermoplastics components and coordinate production movement to new suppliers if needed.Establish measurement and inspection criteria, support and review QC procedures and results pertaining to all injection molded, Rim, thermoformed parts as well as to selective metal components.Author/co-author technical reports and presentationsPossess an understanding of the fundamental relationships of product design to performance and product cost and can modify product designs accordinglyInterface with tool maker and molders to ensure product designs can be manufactured with respect to quality, quantity, functionality and cost requirementsComplete product documentation packages (drawings, bills of materials and specifications), to adequately communicate design intent to Manufacturing and Supply Chain.Analyze test data and reports to determine if designs meet functional and performance specificationsDevelop and generate test procedure, DOE and test report as neededCreate, revise drawings and apply GD&T as neededPosition Description: Sr. Engineer - Plastic DesignEssential Job Functions (continued)Develop and optimize secondary operations as needed such as ultrasonic welding, laser welding, surface enhancements, and othersGenerate ECOs in Agile for areas of responsibility with thorough analysis and engineering dataIdentify and keep abreast of new plastic processing technologiesEducationBachelor's Degree in Mechanical Engineering from an accredited institution; Master's Degree preferredCertificationExpert level SolidWorks user as evidenced by CSWP or CSWE certificationExperience & Minimum QualificationsMinimum work experience of 7 years in plastic design engineeringBroad knowledge of material science, thermoplastics and thermosetting polymersKnowledge and understanding of the design and dimensioning of plastic injection, vacuum and blow molded components and their associated tooling and processesGD&T experience with tolerance stack-up analysisExperience with mold flow and/or CFD analysis software a plusAbility to read, write and converse at a professional level in the English languageWorking experience with medical industry is a plus.Requires clear and concise verbal and written communication skills; good technical writing skills; good computer skills (word-processing, spreadsheets, PowerPoint, etc.).Excellent analytical, organizational, and problem solving skills.Ability to communicate orally and in writing; able to express thoughts and concepts diplomatically, both technically and administratively. Extensively interfaces with all organizational levels within the company and with customers and suppliers.Must Have Minimum Requirements1. BS/MS degreed engineer in ME2. Standalone 7 year plastic development experience in injection molding for low to high volume plastic parts from resin to finished products3. Familiar with mold manufacturing and mold flow analysis tools4. 3D CAD and simulation tools (ProE/Creo or Solidworks) with expert level certifications.5. Familiar with GD&T experience with tolerance stack-up analysis6. Experience with VAVE (Value Analysis Value Engineering) approach to design; show examples7. Experience with Design for manufacturability and assembling; show examples8. Hands-on with measurement tools and techniques, basic machine tools (lath and mills), prototype building, test setup and debugging, etc.9. Proficient with MS office tools (Word, Power point, Excel, Project, etc)10. Experience with FMEA or other root cause analysis tool.About Aerotek:We know that a company's success starts with its employees. We also know that an individual's success starts with the right career opportunity. As a Best of Staffing® Client and Talent leader, Aerotek's people-focused approach yields competitive advantage for our clients and rewarding careers for our contract employees. Since 1983, Aerotek has grown to become a leader in recruiting and staffing services. With more than 250 non-franchised offices, Aerotek's 8,000 internal employees serve more than 300,000 contract employees and 18,000 clients every year. Aerotek is an Allegis Group company, the global leader in talent solutions. Learn more at Aerotek.com.",,,,,,,,,
11,Software-Test-Engineer--Senior-Level--BioDevices,Aerotek,NC - Durham,N/A,NA,"Aerotek is currently seeking a Software Test Engineer!The Software Test Engineer is a key position in the development process of bio-devices. This position is responsible for the development of software test processes/procedures as well as reporting on results from testing bio-devices.The Software Test Engineer will be responsible for the development of new test methodologies and the support of existing software testing. They are expected to work independently and at times lead entire test system development efforts, test plans, and execution of testing, in close collaboration with Software Development, Engineering, Quality Control, and Manufacturing under the direction of Sr. Engineering Management.The person in this position will often influence the efforts of other engineers and bio integration team members during the course of a project, although no specific supervisory responsibilities are attached to the job.Position Responsibilites:The Software Test Engineer has a variety of responsibilities, including:Provide influence to develop a culture of data driven testing and engineering development with a product reliability mindset, given high level direction.Participate in system engineering for complex software systems to validate hardware and software interactions.Assist in the development using LabVIEW of performance and HALT (Highly Accelerated Life Testing) test systemsProvide software test engineering leadership for multiple test projects, including new products from design concept to full introduction.Perform software debug and technical supportProvide detailed test/analysis results in written reporting format for engineering and biological audiences.Extensive interaction with software development and engineering in test design, analysis and other technical requirements.Execute test planning, test timelines, test execution, test results, and reporting for product development.Initiates justification and implementation of new test methodology and technology.Technical Skill Requirments:Demonstrated proficiency in developing and implementing software test plans and test systems for embedded devices (electro-mechanical devices is highly preferred).Demonstrated experience testing software (JavaScript, HTML, CSS, jQuery, C, C++, Java, C#, or structured text (IEC 61131-3 languages or industrial controls and automation))LabVIEW development experience is highly desiredExperience with embedded linux or other RTOS preferredExperience testing PLC, HMI or other industrial control software is highly desiredDemonstrated experience in critical thinking and problem solving skills, planning and organizing, decision-makingExcellent communication skills, influencing and leading, facilitation and team work capabilities.Education Experience:B.S. in Computer Science, Computer Engineering, Electrical Engineering or similar Engineering discipline with minimum of 5 years demonstrated senior software testing experience in an embedded systems environment or Associates degree in an Engineering discipline with 10 years of relative experience.About Aerotek:We know that a company's success starts with its employees. We also know that an individual's success starts with the right career opportunity. As a Best of Staffing® Client and Talent leader, Aerotek's people-focused approach yields competitive advantage for our clients and rewarding careers for our contract employees. Since 1983, Aerotek has grown to become a leader in recruiting and staffing services. With more than 250 non-franchised offices, Aerotek's 8,000 internal employees serve more than 300,000 contract employees and 18,000 clients every year. Aerotek is an Allegis Group company, the global leader in talent solutions. Learn more at Aerotek.com.The company is an equal opportunity employer and will consider all applications without regards to race, sex, age, color, religion, national origin, veteran status, disability, sexual orientation, gender identity, genetic information or any characteristic protected by law.If you would like to request a reasonable accommodation, such as the modification or adjustment of the job application process or interviewing process due to a disability, please call 888-237-6835 or email accommodation@aerotek .com for other accommodation options. However, if you have questions about this position, please contact the Recruiter located at the bottom of the job posting. The Recruiter is the sole point of contact for questions about this position.",,,,,,,,,
12,Manager--Data-Scientist--Pricing,Hilton Corporate,VA - McLean,N/A,NA,"Hilton is creating a best-in-class data & analytics department that will lead a connected ecosystem of data, technology, tools, techniques, people and processes. This innovative data & analytics function will drive advanced analytics and actionable insights to help drive Hilton's performance.What will I be doing?The Data Science Team serves as internal advanced analytics elite consultants to key functions across Hilton's business, bringing predictive and prescriptive analytics through ML/AI. The team consists of data scientists, advanced analytics modelers, and data engineers, working closely with other DNA teams, Pricing and Revenue Management teams, as well as Product partners. Working with the Sr. Director, Data Science, the Manager, Data Scientist, will be working with other Pricing scientists and directly influencing the creation and delivery of advanced Pricing and Revenue Management solutions/services. You will be responsible as a key resource for defining and recommending data science algorithms thru a service architecture framework. More specifically, you will:Work closely with business, technology, and data science teams to gather, analyze and understand business requirements. This includes translating activities and business goals into analytical models and algorithm codes for application in a production scale environment.Perform analysis on existing as well as new data sets to identify and foster innovative advanced analytics opportunities.Document, develop, code, and test data science modules into scalable solutions in a big data environment.Work with multi-functional teams to access data elements, understand the data being analyzed, and identify improvement opportunities for data ingestion process.Facilitate and identify repeatable testing and measurement strategies from results produced by analytics models/algorithms.Provide insights and solutions regarding data storage and optimization.What are we looking for?We are looking for problem solvers, who are passionate about data and who love to have the opportunity to create improvements to data management. We believe success in this role will demonstrate itself through the following attributes and skills:Self-starter, well organized, and a confident teammate willing to take ownership of responsibilities with a high level of positive energy and driveExcellent time management and project management skills that contribute to leading multiple priorities, working well under time constraints and effectively handling concurrent demands to prioritize responsibilitiesEffective communicator, collaborator, influencer and solution seeker across a variety of opinionsAccountable individuals, who take ownership of projects, effectively communicate results and recommend improvementsStrong communicators, both verbally and in writing, who effectively communicate at all levels of the organizationTo fulfill this role successfully, you should demonstrate the following minimum qualifications:Two (2) years of experience in data science, linear/integer and non-linear optimization, and/or applied statisticsOne (1) year of hands-on experience in architecting, developing and implementing advanced analytics models, machine learning algorithms for scalable environmentsAdvanced programming skills in Python and/or R (and their related data science, machine learning, and visualization libraries)Experience with CPLEX, Gurobi, or comparable optimization suiteExposure to Spark/Scala, Java, C/C++, SQLIt would be helpful in this position for you to demonstrate the following capabilities and distinctions:PhD Doctorate Degree in Data Science, Operations Research, Computer Science, Engineering, or related technical fieldsOne (1) year of experience in a full life-cycle analytics code development, deployment, and maintenance efforts involving distributed data setsExperience in pricing science and revenue management methodsHands-on experience in statistics, machine learning, artificial intelligence, natural language processing, deep learningExperience in ETL management, SQL/no SQL platforms, Apache products (NiFi, KafKa) and data warehousing technologies (Snowflake, Redshift)What will it be like to work for Hilton?Hilton is the world's leading global hospitality company, spanning the lodging sector from luxurious full-service hotels and resorts to extended-stay suites and mid-priced hotels. For nearly a century, Hilton has offered business and leisure travelers the finest in accommodations, service, amenities, and value. Hilton is dedicated to continuing its tradition of providing exceptional guest experiences across its global brands. Our vision to fill the earth with the light and warmth of hospitality unites us as a team to create remarkable hospitality experiences around the world every day. And, our amazing Team Members are at the heart of it all!EOE/AA/Disabled/Veterans",,,,,,,,,
13,Senior-Manager--Customer-Analytics--Spoke-Role,Hilton Corporate,TX - Addison,N/A,NA,"Hilton is creating a best-in-class data & analytics department that will lead a connected ecosystem of data, technology, tools, techniques, people and processes. This innovative data & analytics function will drive advanced analytics and actionable insights to help drive Hilton's performance.What will I be doing?***The location for this position is Dallas, TX or McLean, VA, with Dallas preferred.*** The Customer Analytics team serves as a trusted business partner to the Customer Engagement Lifecycle and Partnership (CELP) team, with specialized support for the Leadership team. The CA team consists of both embedded authorities who serve as strategic advisors to the CELP partners ('Spokes'), and more technical experts who are proficient in advanced analytics, data modeling and visualization ('Hub'). The team is fully integrated within the business function in order to ensure collaboration in achieving and measuring objectives. In addition, the Customer Analytics team is tasked with supporting the development of a customer-centric decision culture at Hilton by disseminating customer knowledge to other business teams who may benefit. Working with the Senior Director, Customer Analytics, the Senior Manager will be responsible for serving as a trusted partner with CELP, collaborating with other teams within DNA to not only deliver on CELP data reporting and understanding needs, but tangential support for the data migration project. This will involve providing User Acceptance Testing feedback to the Data Strategy and Governance (DS&G) team, collaborating with the Product team on requirements gathering and input on the design of self-serve dashboards/tools, and ensuring timely delivery of monthly and quarterly metrics for executive reporting. This position will serve as the lead for the Customer Analytic Spokes and as a credible advisor to the Senior Director.More specifically, you will:Manage partner relationships at the Senior Director and VP level within CELP.Drive incremental value by delivering your actionable vision to our partners regarding acquiring, activating and growing our Honors members. This includes integrating other data (Cobrand and other Partnership activity) to inform knowledge of engagement.Communicate functional understanding and analysis results to leadership through reports and presentations on a monthly and quarterly cadence.Support advanced analysis requests and serve as a single point of accountability to the partners for specified responsibilities.Serve as final sign-off on prioritization of ad-hoc reports to be automated and standardized.Work with other customer insight functions on collaborative initiatives, including the Customer Insights Council and Hilton Grand Vacations (HGV).Collaborate with the DNA Data Science team to enhance our predictive capabilities related to customer initiatives and enlighten the organization regarding new opportunities for growth.Lead/direct changes to specific customer-based reporting, metrics, data, and policies that impact business as usual for the customers.Serve as a trusted advisor within DNA, advocating for the CELP organization and Honors members.Prioritize the many requests received, and gently decline engagement where needed in order to improve limited resources to deliver on initiatives that will drive the greatest impact.Teach, mentor and develop team members.What are we looking for?The success in this role will demonstrate itself through the following attributes and skills:Self-starters, who take initiative in handling goals, utilizing analytical skills and possessing flexibility to changeStrong communicators, influencers and solution-seekers, who effectively communicate at all levels of the organization Organizers, who have superb attention to detail and possess a high level of positive energy and driveAccountable individuals, who make great use of time management to handle multiple priorities, work well under time constraints and effectively handle concurrent demands to prioritize responsibilitiesCollaborative teammates, with a real passion for building positive relationships through teamwork, exhibit tact and earn trustA high level of accountability and commitment to solving problems through critical thinkingTo fulfill this role successfully, you should demonstrate the following minimum qualifications:Three (5) years of professional experienceTwo (2) years of experience leading reportingTwo (2) years of experience directing the application of advanced analytics, or analytic tools, educating business users through translation of dataFunctional in SQLProficient in MS Office SuiteDeep functional experience in Customer/Member trends in either Hospitality or RetailSome travel between Dallas and McLean as well as other meetings external to Hilton as required by the businessIt would be helpful in this position for you to demonstrate the following capabilities and distinctions:BA/BS Bachelor's Degree and/or MA/MS Master's DegreeSeven (7) years of professional experienceWhat will it be like to work for Hilton?Hilton is the world's leading global hospitality company, spanning the lodging sector from luxurious full-service hotels and resorts to extended-stay suites and mid-priced hotels. For nearly a century, Hilton has offered business and leisure travelers the finest in accommodations, service, amenities, and value. Hilton is dedicated to continuing its tradition of providing exceptional guest experiences across its global brands. Our vision to fill the earth with the light and warmth of hospitality unites us as a team to create remarkable hospitality experiences around the world every day. And, our amazing Team Members are at the heart of it all!EOE/AA/Disabled/Veterans",,,,,,,,,
14,Senior-Manager--Customer-Insights,Hilton Corporate,VA - McLean,N/A,NA,"Our Corporate Strategy team supports high-impact projects across all aspects of the business. The team drives strategic insight through customer research, customer experience analysis and thought leadership. Hilton Strategy partners with leaders across Hilton to improve operational performance, understand competitive positioning, develop new product innovation, and implement growth strategies. What will I be doing?As part of the Hilton's Customer Insights team, the Senior Manager, Customer Insights, will be responsible for supporting Hilton's corporate strategic initiatives by providing world-class qualitative and quantitative consumer research expertise and consultation. You will design and handle bespoke global consumer research, including tracking programs, in support of strategic business decisions. Additionally, you will be responsible for delivering transformative consumer insights from bespoke, syndicated, and other internal consumer insights sources, and facilitating company-wide insights knowledge, synthesis, and collaboration that strengthens our portfolio and fuels human-centered design and innovation. You are expected to analyze consumer insights within the context of the competitive environment, using strong business insight and consultation skills to provide recommendations to senior leaders. You will work with the Marketing organization, Corporate Strategy, multiple business units across the company, other insights functional units, and Senior Leadership to support Marketing strategic initiatives, develop and lead a global brand health tracking program, and consult with key partners on advertising and media effectiveness research. You will work with and oversee/manage third-party research partners. This includes consulting and coordinating with marketing representatives and senior leadership to ensure uniform compliance to established program standards across brands and countries. Responsibilities will also include consumer research analysis, design, execution, and consultation with/for the Hilton Honors program, brands, and commercial services key partners across multiple hotel categories, from midscale to luxury and across multiple global regions and the supervision, delegation of work, and development of a team. You will report to the Director, Customer Insights. More specifically, you will:Serve as an internal champion and day to day manager for a global brand health tracking program, which includes the management and partnership with a third-party research partner, development and oversight of brand health, advertising and media effectiveness analysis. This includes reporting, identifying and communicating actionable insights that inform marketing communications and brand strategies while also advising the global marketing team on the insights derived from key benchmarks.Assist in shaping company-wide strategies and initiatives by serving as a customer insights subject matter expert and consultant on key partner goals, including complex, multi-modal designs and methodologies, agile/iterative solutions, longitudinal/tracking initiatives, robust market-sizing and market modeling (e.g., discrete choice designs, TURF analysis, segmentation, key driver analysis, structural equation modeling).Spearhead the design and execution of custom qualitative and quantitative marketing research and analysis. This involves directing the grouping of and assignment of tasks, ensuring optimal allocation of resources and championing world-class and on-time delivery of compelling consumer insights that inform key business decisions.Facilitate company innovation by leading or fostering cross-functional collaboration and knowledge of relevant consumer insights, synthesis of insights from disparate internal/external sources for more robust and confident decision-making. This includes evaluation and introduction of value innovative consumer insights methodologies.Provide analysis, identify insights and communicate strong insights interpretation. This involves consultation that incorporates your understanding of the hospitality industry, Hilton's business model, the competitive environment and market dynamics that inform key partner business decision-making and equips them for high-reaching advantage.Build and maintain productive relationships with senior leaders and mid-level key partners across the organization in order to understand their objectives/strategies and align with their needs.Implement and handle departmental processes and procedures to ensure the strategies and directives of the department are carried out and in accordance with department and company directives. You will evaluate and streamline business processes to maximize efficiency and effectiveness within the department.Adhere to established methods/protocols for customer research. This includes implementing proper controls to ensure that research projects follow accepted research practices, ethics, and laws, analysis is accurate and insights reflect the data, deliverables are provided in a timely manner, and the privacy of guests and respondents are reasonably protected.Influence department team members and key partners and contacts in multiple areas to accomplish the organization's mission, goals, and objectives through motivation, communication, group dynamics, and leadership.In addition to performance of the essential functions, this position may be required to perform a combination of the following supportive functions, with the percentage of time performing each function to be solely resolved by the supervisor based upon the particular requirements of the Company.Provide support to the Director, Customer Insights and conduct special projects, as required.Handle any and all other job duties as assigned.What are we looking for?We are looking for visionaries who are passionate about consumer research and insights and who would love to act as part of a dedicated research team. We believe success in this role will demonstrate itself through the following attributes and skills:Advanced applied consumer research and analytical skills with a deep understanding of capturing, evaluating, and interpreting performance trends and implications from measurement systems. This includes designing bespoke consumer research to address key business objectives.Strong communication skills that will lend to effectively communicating at all levels of the organization. This includes building positive relationships when communicating objectives.Project management skills that will be relevant to handling multiple projects and priorities. This involves keeping a cool-head under time constraints, and effectively balancing concurrent demands.Dynamic leader, who has experience in building positive relationships, presence and earning respect with senior executivesMatrix-navigation skills among large and complex organizations with a commitment to meet deadlinesAdvocacy skills with a self-starter mentalityTo fulfill this role successfully, you should demonstrate the following minimum qualifications:Five (5) years of relevant work experienceFive (5) years of experience in lower level or similar positions in applied market research or customer insights rolesTwo (2) years of experience with consulting and/or strategy responsibilities at a consulting firm or within a corporate strategy role or departmentOne (1) year of managerial experienceExperience handling consumer research outside of the United States Experience handling third-party research vendors or working for a third-party research vendorIt would be helpful in this position for you to demonstrate the following capabilities and distinctions:BA/BS Bachelor's DegreeMA/MS or MBA Master's Degree in Marketing Research, Social Sciences or Consumer BehaviorWhat will it be like to work for Hilton?Hilton is the world's leading global hospitality company, spanning the lodging sector from luxurious full-service hotels and resorts to extended-stay suites and mid-priced hotels. For nearly a century, Hilton has offered business and leisure travelers the finest in accommodations, service, amenities, and value. Hilton is dedicated to continuing its tradition of providing exceptional guest experiences across its global brands. Our vision to fill the earth with the light and warmth of hospitality unites us as a team to create remarkable hospitality experiences around the world every day. And, our amazing Team Members are at the heart of it all!EOE/AA/Disabled/Veterans",,,,,,,,,
15,Senior-Data-Developer,Allegis Group,MD - Hanover,N/A,NA,"Job Summary:This position will function as a senior developer tasked with implementing Information Management Services (IMS) at the level and with the context of an Enterprise deployment. They should be versed in the complexities of integrations between the IMS capabilities needed to deliver a wholistic IMS platform to serve the Enterprise's need for to steward data from conception to retirement.The candidate should have:8-10 years of experience in the Information space as a Developer up to Team Lead, including Technical Systems Analysis, delivering IMS solutions with an Enterprise Scope, including analysis, development, deployment, testing, and maintenance.A complete understanding of the purpose practice, and Implementation of Meta Data Management, Business Process Management (BPM), Integrations (both Batch and Real-time), Lineage, Security, Data and Modeling (OLAP, Operation Data Store, Data Warehouse, and Data Marts; with experience in Structured and Unstructured Datasets), Reporting and Business Intelligence, Disaster Recovery and Data Retention, Data Quality, and General Data Governance.This position will work closely with the Architect(s) and the Business Analyst(s) in planning the deployment, configuration, and development of IMS capabilities and leading the technical team tasked with the execution.This position is a Technical Role. There will be no direct reports, but the expectation is that, with the candidate's breadth of knowledge in the IMS space, they will be capable of leading and mentoring the execution team to the successful delivery of the IMS platform(s) and capabilities needed to serve the many business areas within the company. The role will participate in all phases of the system development life cycle and will independently and collaboratively write project/enhancement requirements and perform technical development/deployment duties.Essential Functions:Writes design specifications for solutions as identified by Analyst, Lead and/or managementCodes, tests and supports existing and new systems and applicationsConducts thorough unit testingCommunicates project status, issues and resolutions with appropriate Lead and/or ManagersSupport new and existing development projects with data and process modeling activities. Provide entity, logical and physical data modelsPerform database and data warehouse design across multiple platformsCreate and maintain custom and vendor provided data technical dictionaries for all business systems.Leverage technical expertise in database warehousing and data modelling in support of internal and external customer's data exchange and integration needs.Estimates level of effort for work assignments and requests received, then communicate accordingly to the Project Manager to determine delivery time.Participate in data governance processes related to data quality and information managementSkills/ Abilities:Knowledge and skills in data warehousing methodologies and tools, implementation strategies, and integrationAbility to design and implement solutions that are reliable, scalable, and perform at a high-level to meet the service levels associated with mission critical Information Management solutionsAbility to tune SQL statements/queries; knowledge of optimal tuning techniquesExperience with various Data Sources - Oracle, SQL Server, Files, SSAS, Cloud applications, etc.Advanced understanding of software development life cycle and coding standardsExperience in creating requirements, analysis, design and deployment documents based on standard and rapid development methodologiesDemonstrated thorough understanding of modern enterprise architecture, hands-on experience with distributed architectureStrong understanding of relational data structures, theories, principles, and practicesBroad knowledge of other disciplines within Information ServicesExperience working in an Agile environment preferred, tools a plusCore Competencies:Customer ServiceBuilding RelationshipsBusiness Knowledge / Organizational AcumenSelf-Motivation/Self StarterLeading Self and Others",,,,,,,,,
16,Urgent-Job-Opening----Data-Scientist---Data-Engineer---Data-Scientist-Consultant----Boston--MA,"American Cybersystems, Inc. (ACS Group)",MA - Boston,N/A,NA,"Job Details:  Title: Data Scientist / Data Engineer / Data Scientist ConsultantLocation: Boston, MAJob Type: 12+ Months / Long Term Contract Job Description:  Client is looking for Data Scientist Consultant / Data Science Engineer with extensive experience in Machine Learning. Should have  extensive experience in Python. Familiar with Deep Learning,  Natural Language Processing (NLP), will be highly considered.       ",,,,,,,,,
17,Sr--Mobile-Engineer---Android,"American Cybersystems, Inc. (ACS Group)",MI - Auburn Hills,N/A,NA,"Job title: Sr. Mobile Engineer - AndroidLocation: Auburn Hills, MIDuration: Full Time/ Direct Hire.",,,,,,,,,
18,Senior-Product-Manager,The Creative Group,FL - Miami,$120k - $150k/year,01020-9502238449,"Ref ID: 01020-9502238449Classification: Senior Product ManagerCompensation: $120000.00 to $150000.00 yearlyUnderstand business strategy and needs to deliver best-in-class products to serve our customers and franchiseesLead cross-functional internal bringing together internal stakeholders from across our world-class teams including engineering, design, marketing, data science, operations, and the field and external stakeholders from agencies, POS vendors, payment processors, and mobile partnersDevelop a thorough understanding of customer needs and business objectives and properly set goals accordinglyAnalyze data and conduct user research to make the best product decisionsRationalize KPIs, prioritize initiatives, write user stories, and spec features and tasksWork in tandem with engineering leads to scope initiatives and lock features into sprintsCoordinate and prioritize backlog in a fast-paced, changing environmentLead the craftsmanship of the productProvide updates to senior leadership, including the CTO and Brand Presidents, on a regular cadence.        ",,,,,,,,,
19,Digital-Creative-Director,The Creative Group,CO - Boulder,$95k - $110k/year,00610-0011188336,"Ref ID: 00610-0011188336Classification: Interactive Creative DirectorCompensation: $95000.00 to $110000.00 yearlyTCG is partnering with a digital agency in Boulder on their search for a Digital Creative Director. This is a great opportunity to join a growing agency and lead their creative strategy across all digital channels: display, video, programmatic, search, etc. On top of designing digital marketing assets for their clients, you will also be responsible for creating brand guidelines and assets for the agency’s internal marketing team. Ideally, you will have experience and an interest in digital media and performance marketing and know how to design campaigns to drive results. As a Digital Creative Director, you will manage a team of designers and front-end developers, working closely with their media and account teams.        ",,,,,,,,,
20,IT-Manager,Robert Half Finance & Accounting U.S,HI - Honolulu,$80k - $90k/year,01200-0011206532,"Ref ID: 01200-0011206532Classification: Compensation ManagerCompensation: $80000.00 to $90000.00 yearlyRobert Half is partnering with a Non-Profit in town to help identify an IT Manager.The ideal IT Manager will have experience working in small to medium organization, is flexible and adaptable, doesn't have trouble working independently, can wear many hats, and has a great and friendly attitude. To be considered, please contact your Robert Half Recruiter.The IT Manager will have duties including: -Repairs and maintenance of the info system and infrastructure-Integrate existing networks-Updates and repairs to hardware, data systems, servers, HR Systems-Troubleshooting        ",,,,,,,,,
21,Sr--Financial-Analyst-Due-to-Growth--Exciting-Opportunity--,Robert Half Finance & Accounting U.S,GA - Atlanta,$75k - $85k/year,00900-0010911337,"Ref ID: 00900-0010911337Classification: Sr. Financial AnalystCompensation: $75000.00 to $85000.00 yearlyWe have been engaged by a industry leading company headquartered in Atlanta in its targeted search for an experienced Senior Financial Analyst. This role will be work with all facets of the business. Sr. Financial Analyst and reporting to the Finance ManagerResponsibilities will include: The Senior Analyst, Financial Planning, Analysis and Reporting will, develop and support complex financial and operational objectives (i.e. reporting, financial planning) and/or strategy. This role will also work collaboratively with other business units/departments to develop actions plans to support specific business objectives as well as develop financial forecasts to in support of overall company objectives. The Senior Analyst is responsible for critical and complex analysis, and reporting of financial and operational resultsPrepare monthly financial reporting package for the company, providing detailed business explanations behind variances against forecast, budget and prior year for Income Statement, Balance Sheet and Cash Flows. Gather data and perform analytical review of actual results versus budget, forecast, and prior year at varying levels of the organization and across different information systems for functions and business segments.Prepare, review and present financial projections and recast financial statements, provide variance analysis, research financial irregularities and use the analysis to develop meaningful financial reporting.Analyze financial performance, prepare monthly variance to forecasts and present recommendations to business unit management and operators. Develop, prepare and present specialized reports, forecasts, profitability analysis, pricing analysis, other ad-hoc projects and complex financial models.Track key performance indicators and provide analysis to support business decisions. Analyze and report on financial and/or operational results/analysis. Ensure historical information, current trends, regulatory environment and tax consequences are factored into analysis. Deliver ad hoc analytical projects to provide insights as required with focus on meeting deadlines and providing communication to management. Provides support to Senior Management including financial presentation and analysis. Assist in the coordination and analysis of recurring internal management reporting (Flash Financial Reporting, Operation Metric Reporting, etc.), the rolling forecast process, the Annual Operating Plan, and the Strategic Plan.Prepare presentations to highlight financial trends, summarize business plans, and communicate process changes across the enterprise.Identify and implement improvements across financial reporting processes.Analyze data and provide solutions/recommendations in response to anticipated and unanticipated fluctuations in the company’s business.Support the annual budget process including creation of financial models and budget presentation and explanation.Provide support for essential business improvement and corporate strategy projects.Enhance the content and create intuitive designs/layouts for company financial presentations.Only qualified candidates will be contacted and considered; please no phone callsIf you are interested in this opportunity with a growing organization please send resume to Luv Mirani at [Click Here to Email Your Resumé]",,,,,,,,,
22,Sr--Financial-Analyst,Robert Half Finance & Accounting U.S,GA - Conyers,$80k - $95k/year,00900-0010830649,"Ref ID: 00900-0010830649Classification: Sr. Financial AnalystCompensation: $80000.00 to $95000.00 yearlyWe have been engaged by a industry leading company headquartered in Conyers in its targeted search for an experienced Senior Financial Analyst. This role will be work with all facets of the business. Sr. Financial Analyst and reporting to the Finance ManagerResponsibilities will include: The Senior Analyst, Financial Planning, Analysis and Reporting will, develop and support complex financial and operational objectives (i.e. reporting, financial planning) and/or strategy. This role will also work collaboratively with other business units/departments to develop actions plans to support specific business objectives as well as develop financial forecasts to in support of overall company objectives. The Senior Analyst is responsible for critical and complex analysis, and reporting of financial and operational resultsPrepare monthly financial reporting package for the company, providing detailed business explanations behind variances against forecast, budget and prior year for Income Statement, Balance Sheet and Cash Flows. Gather data and perform analytical review of actual results versus budget, forecast, and prior year at varying levels of the organization and across different information systems for functions and business segments.Prepare, review and present financial projections and recast financial statements, provide variance analysis, research financial irregularities and use the analysis to develop meaningful financial reporting.Analyze financial performance, prepare monthly variance to forecasts and present recommendations to business unit management and operators. Develop, prepare and present specialized reports, forecasts, profitability analysis, pricing analysis, other ad-hoc projects and complex financial models.Track key performance indicators and provide analysis to support business decisions. Analyze and report on financial and/or operational results/analysis. Ensure historical information, current trends, regulatory environment and tax consequences are factored into analysis. Deliver ad hoc analytical projects to provide insights as required with focus on meeting deadlines and providing communication to management. Provides support to Senior Management including financial presentation and analysis. Assist in the coordination and analysis of recurring internal management reporting (Flash Financial Reporting, Operation Metric Reporting, etc.), the rolling forecast process, the Annual Operating Plan, and the Strategic Plan.Prepare presentations to highlight financial trends, summarize business plans, and communicate process changes across the enterprise.Analyze data and provide solutions/recommendations in response to anticipated and unanticipated fluctuations in the company’s business.Support the annual budget process including creation of financial models and budget presentation and explanation.Provide support for essential business improvement and corporate strategy projects.Enhance the content and create intuitive designs/layouts for company financial presentations.Only qualified candidates will be contacted and considered; please no phone callsIf you are interested in this opportunity with a growing organization please send resume to Luv Mirani at [Click Here to Email Your Resumé]",,,,,,,,,
23,Sr--Financial-Analyst-Amazing-Opportunity--Luv-,Robert Half Finance & Accounting U.S,GA - Atlanta,$75k - $85k/year,00900-0010911307,"Ref ID: 00900-0010911307Classification: Sr. Financial AnalystCompensation: $75000.00 to $85000.00 yearlyWe have been engaged by a industry leading company headquartered in Atlanta in its targeted search for an experienced Senior Financial Analyst. This role will be work with all facets of the business. Sr. Financial Analyst and reporting to the Finance ManagerResponsibilities will include: The Senior Analyst, Financial Planning, Analysis and Reporting will, develop and support complex financial and operational objectives (i.e. reporting, financial planning) and/or strategy. This role will also work collaboratively with other business units/departments to develop actions plans to support specific business objectives as well as develop financial forecasts to in support of overall company objectives. The Senior Analyst is responsible for critical and complex analysis, and reporting of financial and operational resultsPrepare monthly financial reporting package for the company, providing detailed business explanations behind variances against forecast, budget and prior year for Income Statement, Balance Sheet and Cash Flows. Gather data and perform analytical review of actual results versus budget, forecast, and prior year at varying levels of the organization and across different information systems for functions and business segments.Prepare, review and present financial projections and recast financial statements, provide variance analysis, research financial irregularities and use the analysis to develop meaningful financial reporting.Analyze financial performance, prepare monthly variance to forecasts and present recommendations to business unit management and operators. Develop, prepare and present specialized reports, forecasts, profitability analysis, pricing analysis, other ad-hoc projects and complex financial models.Track key performance indicators and provide analysis to support business decisions. Analyze and report on financial and/or operational results/analysis. Ensure historical information, current trends, regulatory environment and tax consequences are factored into analysis. Deliver ad hoc analytical projects to provide insights as required with focus on meeting deadlines and providing communication to management. Provides support to Senior Management including financial presentation and analysis. Assist in the coordination and analysis of recurring internal management reporting (Flash Financial Reporting, Operation Metric Reporting, etc.), the rolling forecast process, the Annual Operating Plan, and the Strategic Plan.Prepare presentations to highlight financial trends, summarize business plans, and communicate process changes across the enterprise.Identify and implement improvements across financial reporting processes.Analyze data and provide solutions/recommendations in response to anticipated and unanticipated fluctuations in the company’s business.Support the annual budget process including creation of financial models and budget presentation and explanation.Provide support for essential business improvement and corporate strategy projects.Enhance the content and create intuitive designs/layouts for company financial presentations.Only qualified candidates will be contacted and considered; please no phone callsIf you are interested in this opportunity with a growing organization please send resume to Luv Mirani at [Click Here to Email Your Resumé]",,,,,,,,,
24,Technical-Manager,SORA Labs,MO - Forsyth,N/A,NA,"SUMMARY:The technical manager’s primary functions are to oversee, develop and validate new methods for routine use, maintain instrumentation, provide technical guidance to staff and customers.  Training staff on advanced instrumentation operation for the accurate method transfer to the quality control operations for a 3rd party testing lab.  Duties will also include working with management in the evaluation of method development costs and on-going operational costs of running methods for routine testing where cost/benefit can be considered as methods are added to the lab. ESSENTIAL DUTIES AND RESPONSIBILITIES include, but are not limited to, the following.  Management retains the right to add to or change the duties of the position at anytime.  The functions below are to be performed in accordance with all applicable FDA, OSHA, EPA, and ISO standards and regulations.Provide technical advice regarding the following to include, but not limited to: audits, test results, methodologies, method development, instrumentation, and associated capabilities related to these areas.  Advise on capabilities and assist on quoting projects using advanced equipment methods as needed for customers to submit samples for 3rd party contract chemistry testing. Offer a thorough equipment, reagent, supply list, etc. to include what is needed for each method development project so accurate costs can be determined for return on investment decisions. Review and release test results to customers to include a detailed technical explanation when applicable. Respond to customer requests, inquiries, and complaints and perform investigations when required.  Design and perform special projects for internal and external customers.  Develop, validate, and implement advanced testing methodologies for instrumentation, etc. and continuously improve methods as technology advances Advise and review sample submissions for business team to verify in-house method capabilities or recommend outsource testing if testing specifications are below our internal equipment limit of quantitation.  Research compendia and be able to perform method transfers and/or method development activities following internal SOPs and comply with ISO, FDA, TGA and other regulatory requirements.Develop, implement and train staff with advanced laboratory instrumentation methods, operation, maintenance and calibration for equipment including HPLC, LC/MS and other chemistry instrumentation. Author and/or revise general methods needed for the implementation and transfer of the method to the QC department of our 3rd testing lab following the proper documentation practices required. Coordinate the proper maintenance, repair, calibration and operation of instrumentation following all ISO, FDA or other regulatory guidelines.Develop, implement and continuously improve the systems, procedures and record-keeping necessary for the organized and efficient receipt of samples for in-house chemistry testing. Develop, implement and control the systems, procedures and record-keeping necessary for the organized and efficient reporting, peer-review, and archiving of laboratory testing & calibration data.Oversee the accuracy of test records and peer-review analytical and calibration work performed as required for regulatory and ISO compliance.Troubleshoot anomalous results generated by the laboratory.  Perform testing in support of OOS investigations. Maintain the safe and correct use and disposal of laboratory chemicals, solvents, etc., following all federal, state and local guidelines using GMP, GLP and other safe laboratory practices.Perform other roles and responsibilities per the Quality Manual and Quality Procedures.",,,,,,,,,
25,SAP-PO---Seeburger-Consultant,AIC (part of ACS Group),TX - Irving,N/A,NA,"SAP PO & Seeburger Consultant - 12 Months Contract - Irving, TXMUST HAVE SKILLS:* Extensive experience designing and developing SAP, non-SAP, EDI and non-EDI interfaces using SAP PI/PO.* Experience in common EDI transactions - 850, 855, 856, 810, 940, 945, 867 and 832* Experience in configuration of the PO Landscape in SLD with the System Landscape browser, with latest experience on SAP PO 7.31 or higher versions.* Expert development of end-to-end PO integrations using Integration Builder Design and Configuration for Integration Scenarios. Development of Message types, Message interfaces, Message mapping and Interface mappings in Integration Builder. Creation of configuration objects such as the Configuration scenario, Party, Receiver determination, Interface determination, Sender agreements, Receiver agreements and iFlows for the variousscenarios.* Expert development and support of SAP B2B Add-on EDI mappings and translation applications integrated with SAP PO.* Experience in developing user-defined functions using Java.* Experience in full development life cycle.* Experience in monitoring, editing and re-processing of Idocs in ECC.* Experience in processing data in ECC to support EDI Integrations.* Experience in creating interfaces using CIG/CPI.DESIRED SKILLS:* Experience in S4 HANA is preferred* Prefer experience with ARIBA , IBP , S/4 HANA Integrations.EDUCATION/CERTIFICATIONS:Minimum 6 years of hands-on experience in SAP PI/PO and Seeburger/VS11.Requires Bachelor's degree in Computer Science or related field.SAP PO / PI Certifications preferred",,,,,,,,,
26,Sr--Test-Engineer,AIC (part of ACS Group),GA - Hapeville,N/A,NA," Qualifications:* 6 + years of experience required. Test Engineer job description has been developed to support both the testing functions in the System Test and Integration Test environments. * System Test Engineer is responsible for creating master test plans, test cases, and test schedules for the projects. Primary responsibilities include the execution of test cases and scenarios across individual development projects within the System Test environment. Ensures established methodologies and standards are used in product testing. Integration Test Engineer has responsibility for providing mentoring support to the project team throughout the Development Lifecycle. This mentoring begins in the requirements development phase to ensure all requirements are both testable and verifiable, and continues through system test.* The Quality Test Engineer is responsible for conducting Integration test and to support the implementation methodologies of new documented, standardized, repeatable testing processes. Bachelor's degree in Computer Science or Information Systems with one to five years of experience in an IT testing environment and/or any equivalent combination of experience, education, and/or training that enables the candidate to meet the entry requirements. The ideal candidate will possess the above plus previous airline experience.CORE COMPETENCIES: * Communication Skills - The ability to communicate verbally and in writing with all levels of employees and management, capable of successful formal and informal communication, speaks and writes clearly and understandably at the right level. * Integrity and Trust - Involves being widely trusted, being seen as a direct, truthful individual, can present the unvarnished truth in an appropriate and helpful manner, keeps confidences, admits mistakes, and doesn't misrepresent him/herself for personal gain. * Teamwork - Involves working well in a collaborative setting, supporting work team by volunteering for and completing assignments, acting as a positive team member by contributing to discussions, developing and maintaining both formal and informal relationships enterprise-wide, defines success in terms of the entire team through mentoring and knowledge transfer. * Technical Expertise - Involves demonstrating a commitment to increasing knowledge and skills in current technical/functional area, keeping up to date on technical developments, staying informed as to industry practices, knowing how to apply relevant technical processes to appropriate business needs. * Tools - Java, Scala, Cucumber BDD (other BDD tools), IDE (IntelliJ)  Responsibilities: JOB SPECIFIC: * Dedication - Involves demonstrating a desire to dedicate time and energy to accomplish goals, tasks, assignments, etc. Will do what it takes to get things done. * Flexibility - Is open to change, enjoys the challenge of unfamiliar tasks, anticipates and adjusts to problems and roadblocks, is not thrown off when things change, can flex to future consequences and trends appropriately. * Interpersonal Skills - The ability to successfully, professionally, and diplomatically interact with others and develop relationships with people who have widely varying styles, levels in the organization, and knowledge of IT. Problem Solving - Uses rigorous logic and methods to solve difficult problems with effective solutions, probes all fruitful sources for answers, can see hidden problems, is excellent at honest analysis, looks beyond. * Task Management - Delivers quality work on time, translates planning into action by following applicable established procedures or methodologies, proactively monitors and controls task status by collecting and analyzing task data to anticipate and address barriers, appropriately communicates and resolves or escalates any problems that arise. Responsibilities: * Essential Responsibilities*(System Test Engineer): Develop/create master test plans and related documents, test cases, and test schedules. Execute test cases/scenarios across development projects. * Test types to include functionality, user interface, regression, security, and user acceptance. Document test scripts and test plans tied back to requirements. Identify and track defects, issues, risks, and action items. * Validate requirements for system testing, report preparation, defect recording, and defect tracking. Create defect reports for problems discovered during system test. Perform regression testing to validate the resolution of any software or system defects. * Provide input for program schedules and is responsible for creation and development of Used Cases. *May perform other duties as assigned. Essential Responsibilities*: * (Integration Test Engineer) Development of test plan, test cases, and project schedules. Execution of test cases/scenarios across numerous project platforms in the Integration test environment. * Responsible for test types which include: functionality, user interface, regression, connectivity, performance, load, stress, user acceptance, failover/recovery, and supportability. * Develop and update integration test plans and procedures. Validating requirements for integration testing. Report preparation, defect recording, and tracking. Identify, record, report, and track defects.",,,,,,,,,
27,Sr-BI-Analyst-AB-Tester,AIC (part of ACS Group),TX - Irving,N/A,NA,"Position: Sr BI Analyst/AB TesterLocation: Irving, TX 75038Duration: 12+ MonthsDescription:The Business Applications and Data Support Analyst within Information Technology supports change and problem management, application and configuration management and production support of our suite of business applications and customer web sites ensuring that the systems and data are accurate and available in a 24x7-operating environment. This job requires gaining a strong working knowledge of business applications as well as a strong understanding of how business users could utilize or adapt the software to support their areas of responsibility. This is a hands on position requiring both leadership and technical problem solving skills. 5 to 7 years of experience.  CX Analytics (CXA) team is looking to hire Sr.Business Intelligence - A/B Testing Report Developer to deliver BI Reporting, identify analytic trends, quantify and estimate insights to action opportunities, meet with SMEs/stakeholders to identify, define and measure KPI metrics for business impact across all Omni channels including online (desktop & mobile), chat, POS, stores and call centers. Responsibilities include guiding data-driven decisions and recommending Next Best Actions, analyzing Customer journey touch points, driving personalization of behavioral insights, cross-channel analytics, segmentation, assessment of overall impact for use cases and help define, refine, and measure business outcomes to transform customer experience from BI reports, Tableau/Qlik dashboards etc. This will also need to track campaigns, use cases, opt-in rates, conversion rates, channel engagement KPIs, empowering stakeholders to optimize channel experiences, championing efforts to optimize revenue, conversion, reduce churn, improve customer satisfaction and expense reduction for better CX/NPS value.  Job Duties: Collaborate with channel stakeholders to identify analytic requirements and baseline metrics prior to executing new use cases Source data from various data repositories, validate data for consistency, and partner with IT teams to ensure data integrity and KPI calculations Stitch together data from multiple channels to formulate a complete customer journey 360 view. Create and deploy actionable dashboards for business owners to gauge performance and assist with omni channel optimization decisions Develop CX Journey visualizations to highlight insights on opportunities to reduce journey fallout, multi-channel hops, and post conversion contact rate, ultimately improving both CX, NPS and profitability. Stakeholder scorecards and dashboards with executive leadership to gain alignment and promote usage. Perform A/B Testing, measure success metrics of new releases over existing flows, run simulations for Omni insight personalization, holistically analyze end-to-end journey paths Correlate, interpret and summarize scorecard reports, Next Best Action metrics and quantify business outcomes for data-driven campaigns and business performance. Data visualization skills and good experience using Tableau/Qlik to develop or enhance reports Evaluate and report 3rd party vendor tool POCs, develop comparative scorecards and provide recommendations  Must Have Skills: * Gathering Data Requirements from multiple stakeholders and consolidating them into KPIs, metric defintions, data sourcing, mapping to source databases, developing and documenting Metadata, Data Dictionary, provide Data Governance as needed and querying source systems in Terdata or Hadoop with good knowledge of SQL queries/joins/BI tools * Data visualization skills and good experience using Tableau/Qlik to develop or enhance reports * A/B Testing experience and KPI measurements for deriving insights from customer behavior and data patterns from Omni channels * Measure, Monitor and provide Metric Variance by Month/Quarter/Year and compute business KPIs, develop data flow diagrams, process diagrams and ways to ensure accurate reporting of metrics/KPIs for all existing and new BI reporting  Desired Skills: * 8+ years of professional work experience within analytics and dashboards * Ability to create SQL queries to pull data from relational and non-relational data sources including Oracle, SQL Server, Teradata, Hadoop/HIVE SQL and EDW. * Two or more years' experience with Adobe Analytics or related platform (ex. Google Analytics) * Experience with R/Python, ML algorithms, Deep Learning techniques or other advanced analytics tools. * Experience connecting sales/operational/channel data between multiple online and offline data sources. * Analytical skills and problem solving skills with capability and experience connecting sales/operational/channel data between multiple online and offline data sources to develop queries, analyze data and generate insights. * Prior experience in CX Analytics or NPS Scorecards, Automated Dashboard Reporting, KPIs, Analytic Excel Reports and customer journey cross-channel analytics is a plus Any prior exposure to AI/Machine Learning and some high-level understanding of ML models or data science model metrics to generate insights  Education/Certifications: Degree or Master's degree in business, marketing, information systems, analytics/business intelligence, engineering, mathematics, statistics, behavioral sciences, MBA or other relevant technical discipline.  Required Shift: Standard 9-5",,,,,,,,,
28,Program-Manager-or-Leader--Pharmaceutical,AIC (part of ACS Group),NJ - New Brunswick,N/A,NA,"Title: Program Leader (Manager)Location: New Brunswick, NJDuration: 6 to 14 months.* It is important that the candidate has broad experience as a program leader with integration of Quality Management System (QMS) projects in the Biopharmaceutical industry and not just IT project management.Scope* QMS for the following processes (Commercial, GPS, and R&D)o Change controlo Stand-alone Actionso Audits/Investigations/Action Management (CAPA)o Product Quality Complaintso Notification to Management* QMS IT Solution , including Analytics* Data Migration and Archive* Integrations with internal relevant systemsEducation: A Bachelor degree in arts or sciences or engineering is required. A master's or an MBA preferred.Program management Experience: At least 7-15 years of program management experience.",,,,,,,,,
